panel_row,panel_col,panel_title,cell,layer,head,tau,tau_raw
0,0,"RWKV-6 (causal, 7M)",7m_rwkv6_causal_lucid_chunked_seed42,0,0,1.8654725551605225,1.6972633600234985
0,0,"RWKV-6 (causal, 7M)",7m_rwkv6_causal_lucid_chunked_seed42,0,1,0.8971388936042786,0.3733384907245636
0,0,"RWKV-6 (causal, 7M)",7m_rwkv6_causal_lucid_chunked_seed42,0,2,0.9065332412719727,0.38914939761161804
0,0,"RWKV-6 (causal, 7M)",7m_rwkv6_causal_lucid_chunked_seed42,0,3,1.1981345415115356,0.838947057723999
0,0,"RWKV-6 (causal, 7M)",7m_rwkv6_causal_lucid_chunked_seed42,1,0,1.5044455528259277,1.2532362937927246
0,0,"RWKV-6 (causal, 7M)",7m_rwkv6_causal_lucid_chunked_seed42,1,1,1.8096448183059692,1.6308622360229492
0,0,"RWKV-6 (causal, 7M)",7m_rwkv6_causal_lucid_chunked_seed42,1,2,1.1127831935882568,0.7143290042877197
0,0,"RWKV-6 (causal, 7M)",7m_rwkv6_causal_lucid_chunked_seed42,1,3,1.3767592906951904,1.085878610610962
0,0,"RWKV-6 (causal, 7M)",7m_rwkv6_causal_lucid_chunked_seed42,2,0,1.0012364387512207,0.5432801842689514
0,0,"RWKV-6 (causal, 7M)",7m_rwkv6_causal_lucid_chunked_seed42,2,1,1.4105814695358276,1.1308658123016357
0,0,"RWKV-6 (causal, 7M)",7m_rwkv6_causal_lucid_chunked_seed42,2,2,0.8842092156410217,0.35140952467918396
0,0,"RWKV-6 (causal, 7M)",7m_rwkv6_causal_lucid_chunked_seed42,2,3,1.4455221891403198,1.1768280267715454
0,0,"RWKV-6 (causal, 7M)",7m_rwkv6_causal_lucid_chunked_seed42,3,0,1.508893370628357,1.2589507102966309
0,0,"RWKV-6 (causal, 7M)",7m_rwkv6_causal_lucid_chunked_seed42,3,1,0.9690801501274109,0.49196019768714905
0,0,"RWKV-6 (causal, 7M)",7m_rwkv6_causal_lucid_chunked_seed42,3,2,1.0299243927001953,0.5882610082626343
0,0,"RWKV-6 (causal, 7M)",7m_rwkv6_causal_lucid_chunked_seed42,3,3,1.342947006225586,1.0403879880905151
0,0,"RWKV-6 (causal, 7M)",7m_rwkv6_causal_lucid_chunked_seed42,4,0,1.1516612768173218,0.7717013359069824
0,0,"RWKV-6 (causal, 7M)",7m_rwkv6_causal_lucid_chunked_seed42,4,1,0.854349672794342,0.29999029636383057
0,0,"RWKV-6 (causal, 7M)",7m_rwkv6_causal_lucid_chunked_seed42,4,2,0.8234426379203796,0.24555441737174988
0,0,"RWKV-6 (causal, 7M)",7m_rwkv6_causal_lucid_chunked_seed42,4,3,1.6368848085403442,1.4204868078231812
0,0,"RWKV-6 (causal, 7M)",7m_rwkv6_causal_lucid_chunked_seed42,5,0,1.5690279006958008,1.3355214595794678
0,0,"RWKV-6 (causal, 7M)",7m_rwkv6_causal_lucid_chunked_seed42,5,1,1.1467152833938599,0.7644609212875366
0,0,"RWKV-6 (causal, 7M)",7m_rwkv6_causal_lucid_chunked_seed42,5,2,1.3899959325790405,1.1035447120666504
0,0,"RWKV-6 (causal, 7M)",7m_rwkv6_causal_lucid_chunked_seed42,5,3,2.0595123767852783,1.9231013059616089
0,1,"Mamba-2 (causal, 7M)",7m_mamba2_causal_lucid_c_seed42,0,0,1.1682215929031372,0.7958246469497681
0,1,"Mamba-2 (causal, 7M)",7m_mamba2_causal_lucid_c_seed42,0,1,1.1374220848083496,0.7508112192153931
0,1,"Mamba-2 (causal, 7M)",7m_mamba2_causal_lucid_c_seed42,0,2,1.1583266258239746,0.781432569026947
0,1,"Mamba-2 (causal, 7M)",7m_mamba2_causal_lucid_c_seed42,0,3,1.1884970664978027,0.8251156806945801
0,1,"Mamba-2 (causal, 7M)",7m_mamba2_causal_lucid_c_seed42,0,4,1.2521978616714478,0.9154994487762451
0,1,"Mamba-2 (causal, 7M)",7m_mamba2_causal_lucid_c_seed42,0,5,1.2990496158599854,0.9805083274841309
0,1,"Mamba-2 (causal, 7M)",7m_mamba2_causal_lucid_c_seed42,0,6,1.3345675468444824,1.0290310382843018
0,1,"Mamba-2 (causal, 7M)",7m_mamba2_causal_lucid_c_seed42,0,7,1.1723637580871582,0.8018301129341125
0,1,"Mamba-2 (causal, 7M)",7m_mamba2_causal_lucid_c_seed42,1,0,1.1382219791412354,0.7519885301589966
0,1,"Mamba-2 (causal, 7M)",7m_mamba2_causal_lucid_c_seed42,1,1,0.8096407651901245,0.2208213359117508
0,1,"Mamba-2 (causal, 7M)",7m_mamba2_causal_lucid_c_seed42,1,2,0.708674430847168,0.030817102640867233
0,1,"Mamba-2 (causal, 7M)",7m_mamba2_causal_lucid_c_seed42,1,3,1.4211279153823853,1.1447924375534058
0,1,"Mamba-2 (causal, 7M)",7m_mamba2_causal_lucid_c_seed42,1,4,0.8245642781257629,0.2475525289773941
0,1,"Mamba-2 (causal, 7M)",7m_mamba2_causal_lucid_c_seed42,1,5,1.1716020107269287,0.8007264733314514
0,1,"Mamba-2 (causal, 7M)",7m_mamba2_causal_lucid_c_seed42,1,6,1.3672508001327515,1.0731394290924072
0,1,"Mamba-2 (causal, 7M)",7m_mamba2_causal_lucid_c_seed42,1,7,1.0154759883880615,0.5656984448432922
0,1,"Mamba-2 (causal, 7M)",7m_mamba2_causal_lucid_c_seed42,2,0,1.131192922592163,0.7416285872459412
0,1,"Mamba-2 (causal, 7M)",7m_mamba2_causal_lucid_c_seed42,2,1,1.0938434600830078,0.6859854459762573
0,1,"Mamba-2 (causal, 7M)",7m_mamba2_causal_lucid_c_seed42,2,2,1.0064767599105835,0.5515518188476562
0,1,"Mamba-2 (causal, 7M)",7m_mamba2_causal_lucid_c_seed42,2,3,1.316314697265625,1.0041738748550415
0,1,"Mamba-2 (causal, 7M)",7m_mamba2_causal_lucid_c_seed42,2,4,1.1081416606903076,0.7074072957038879
0,1,"Mamba-2 (causal, 7M)",7m_mamba2_causal_lucid_c_seed42,2,5,1.1727732419967651,0.8024232387542725
0,1,"Mamba-2 (causal, 7M)",7m_mamba2_causal_lucid_c_seed42,2,6,0.7082687616348267,0.030017970129847527
0,1,"Mamba-2 (causal, 7M)",7m_mamba2_causal_lucid_c_seed42,2,7,1.3130661249160767,0.999732494354248
0,1,"Mamba-2 (causal, 7M)",7m_mamba2_causal_lucid_c_seed42,3,0,1.3100981712341309,0.9956702589988708
0,1,"Mamba-2 (causal, 7M)",7m_mamba2_causal_lucid_c_seed42,3,1,0.9655740261077881,0.48630428314208984
0,1,"Mamba-2 (causal, 7M)",7m_mamba2_causal_lucid_c_seed42,3,2,0.7565054297447205,0.12294036149978638
0,1,"Mamba-2 (causal, 7M)",7m_mamba2_causal_lucid_c_seed42,3,3,0.8261975646018982,0.2504591941833496
0,1,"Mamba-2 (causal, 7M)",7m_mamba2_causal_lucid_c_seed42,3,4,1.1485693454742432,0.7671769857406616
0,1,"Mamba-2 (causal, 7M)",7m_mamba2_causal_lucid_c_seed42,3,5,1.2557255029678345,0.9204357266426086
0,1,"Mamba-2 (causal, 7M)",7m_mamba2_causal_lucid_c_seed42,3,6,1.1174858808517456,0.721325695514679
0,1,"Mamba-2 (causal, 7M)",7m_mamba2_causal_lucid_c_seed42,3,7,1.0297894477844238,0.5880510807037354
0,1,"Mamba-2 (causal, 7M)",7m_mamba2_causal_lucid_c_seed42,4,0,1.3414530754089355,1.0383657217025757
0,1,"Mamba-2 (causal, 7M)",7m_mamba2_causal_lucid_c_seed42,4,1,1.3491798639297485,1.0488137006759644
0,1,"Mamba-2 (causal, 7M)",7m_mamba2_causal_lucid_c_seed42,4,2,1.381421685218811,1.09211003780365
0,1,"Mamba-2 (causal, 7M)",7m_mamba2_causal_lucid_c_seed42,4,3,0.7110135555267334,0.03541913256049156
0,1,"Mamba-2 (causal, 7M)",7m_mamba2_causal_lucid_c_seed42,4,4,1.926034688949585,1.7685327529907227
0,1,"Mamba-2 (causal, 7M)",7m_mamba2_causal_lucid_c_seed42,4,5,1.853821873664856,1.6834635734558105
0,1,"Mamba-2 (causal, 7M)",7m_mamba2_causal_lucid_c_seed42,4,6,1.7493685483932495,1.5583488941192627
0,1,"Mamba-2 (causal, 7M)",7m_mamba2_causal_lucid_c_seed42,4,7,1.0508520603179932,0.6206232905387878
0,1,"Mamba-2 (causal, 7M)",7m_mamba2_causal_lucid_c_seed42,5,0,1.0080490112304688,0.5540286302566528
0,1,"Mamba-2 (causal, 7M)",7m_mamba2_causal_lucid_c_seed42,5,1,1.3350945711135864,1.0297462940216064
0,1,"Mamba-2 (causal, 7M)",7m_mamba2_causal_lucid_c_seed42,5,2,1.619213342666626,1.398498773574829
0,1,"Mamba-2 (causal, 7M)",7m_mamba2_causal_lucid_c_seed42,5,3,1.3641875982284546,1.0690265893936157
0,1,"Mamba-2 (causal, 7M)",7m_mamba2_causal_lucid_c_seed42,5,4,1.2949777841567993,0.9749047756195068
0,1,"Mamba-2 (causal, 7M)",7m_mamba2_causal_lucid_c_seed42,5,5,1.2456992864608765,0.9063875675201416
0,1,"Mamba-2 (causal, 7M)",7m_mamba2_causal_lucid_c_seed42,5,6,1.3771950006484985,1.0864613056182861
0,1,"Mamba-2 (causal, 7M)",7m_mamba2_causal_lucid_c_seed42,5,7,1.4754759073257446,1.215837001800537
0,2,"LA (causal, 7M)",7m_linear_attn_causal_lucid_seed42,0,0,0.7734333276748657,0.1546028107404709
0,2,"LA (causal, 7M)",7m_linear_attn_causal_lucid_seed42,0,1,0.8862869739532471,0.35494673252105713
0,2,"LA (causal, 7M)",7m_linear_attn_causal_lucid_seed42,0,2,0.6955363154411316,0.004772637505084276
0,2,"LA (causal, 7M)",7m_linear_attn_causal_lucid_seed42,0,3,0.8849690556526184,0.35270363092422485
0,2,"LA (causal, 7M)",7m_linear_attn_causal_lucid_seed42,1,0,1.0465202331542969,0.6139549016952515
0,2,"LA (causal, 7M)",7m_linear_attn_causal_lucid_seed42,1,1,0.9786508083343506,0.5073378682136536
0,2,"LA (causal, 7M)",7m_linear_attn_causal_lucid_seed42,1,2,0.8629483580589294,0.314911812543869
0,2,"LA (causal, 7M)",7m_linear_attn_causal_lucid_seed42,1,3,1.0222200155258179,0.5762526988983154
0,2,"LA (causal, 7M)",7m_linear_attn_causal_lucid_seed42,2,0,0.6104973554611206,-0.17275111377239227
0,2,"LA (causal, 7M)",7m_linear_attn_causal_lucid_seed42,2,1,0.9373029470443726,0.44024407863616943
0,2,"LA (causal, 7M)",7m_linear_attn_causal_lucid_seed42,2,2,1.0363681316375732,0.5982649922370911
0,2,"LA (causal, 7M)",7m_linear_attn_causal_lucid_seed42,2,3,1.1295381784439087,0.739184558391571
0,2,"LA (causal, 7M)",7m_linear_attn_causal_lucid_seed42,3,0,0.6713095307350159,-0.04416290298104286
0,2,"LA (causal, 7M)",7m_linear_attn_causal_lucid_seed42,3,1,1.8892080783843994,1.7252864837646484
0,2,"LA (causal, 7M)",7m_linear_attn_causal_lucid_seed42,3,2,0.7247558236122131,0.06224868446588516
0,2,"LA (causal, 7M)",7m_linear_attn_causal_lucid_seed42,3,3,0.7991188168525696,0.20178154110908508
0,2,"LA (causal, 7M)",7m_linear_attn_causal_lucid_seed42,4,0,0.6660493016242981,-0.05495056137442589
0,2,"LA (causal, 7M)",7m_linear_attn_causal_lucid_seed42,4,1,0.6674772500991821,-0.05201618745923042
0,2,"LA (causal, 7M)",7m_linear_attn_causal_lucid_seed42,4,2,1.909260869026184,1.7488691806793213
0,2,"LA (causal, 7M)",7m_linear_attn_causal_lucid_seed42,4,3,1.1129502058029175,0.7145777344703674
0,2,"LA (causal, 7M)",7m_linear_attn_causal_lucid_seed42,5,0,0.7807634472846985,0.1681704968214035
0,2,"LA (causal, 7M)",7m_linear_attn_causal_lucid_seed42,5,1,0.7509145140647888,0.11237901449203491
0,2,"LA (causal, 7M)",7m_linear_attn_causal_lucid_seed42,5,2,0.6471367478370667,-0.09424035251140594
0,2,"LA (causal, 7M)",7m_linear_attn_causal_lucid_seed42,5,3,0.7349601984024048,0.08194772899150848
1,0,"RWKV-6 (causal, 14M)",14m_rwkv6_causal_lucid_chunked_seed42,0,0,1.8247857093811035,1.6489404439926147
1,0,"RWKV-6 (causal, 14M)",14m_rwkv6_causal_lucid_chunked_seed42,0,1,1.7350679636001587,1.541011929512024
1,0,"RWKV-6 (causal, 14M)",14m_rwkv6_causal_lucid_chunked_seed42,0,2,1.0009181499481201,0.5427770018577576
1,0,"RWKV-6 (causal, 14M)",14m_rwkv6_causal_lucid_chunked_seed42,0,3,0.7886832356452942,0.18273569643497467
1,0,"RWKV-6 (causal, 14M)",14m_rwkv6_causal_lucid_chunked_seed42,1,0,1.5943303108215332,1.3673739433288574
1,0,"RWKV-6 (causal, 14M)",14m_rwkv6_causal_lucid_chunked_seed42,1,1,1.698730230331421,1.4967173337936401
1,0,"RWKV-6 (causal, 14M)",14m_rwkv6_causal_lucid_chunked_seed42,1,2,1.2949655055999756,0.9748879075050354
1,0,"RWKV-6 (causal, 14M)",14m_rwkv6_causal_lucid_chunked_seed42,1,3,1.179227352142334,0.81175696849823
1,0,"RWKV-6 (causal, 14M)",14m_rwkv6_causal_lucid_chunked_seed42,2,0,1.433563470840454,1.1611539125442505
1,0,"RWKV-6 (causal, 14M)",14m_rwkv6_causal_lucid_chunked_seed42,2,1,1.1958330869674683,0.8356491923332214
1,0,"RWKV-6 (causal, 14M)",14m_rwkv6_causal_lucid_chunked_seed42,2,2,1.0998338460922241,0.6949789524078369
1,0,"RWKV-6 (causal, 14M)",14m_rwkv6_causal_lucid_chunked_seed42,2,3,1.3040889501571655,0.9874314665794373
1,0,"RWKV-6 (causal, 14M)",14m_rwkv6_causal_lucid_chunked_seed42,3,0,1.3887826204299927,1.1019285917282104
1,0,"RWKV-6 (causal, 14M)",14m_rwkv6_causal_lucid_chunked_seed42,3,1,1.0272924900054932,0.5841646194458008
1,0,"RWKV-6 (causal, 14M)",14m_rwkv6_causal_lucid_chunked_seed42,3,2,1.1350711584091187,0.747348964214325
1,0,"RWKV-6 (causal, 14M)",14m_rwkv6_causal_lucid_chunked_seed42,3,3,1.3466466665267944,1.04539155960083
1,0,"RWKV-6 (causal, 14M)",14m_rwkv6_causal_lucid_chunked_seed42,4,0,1.0767489671707153,0.6601702570915222
1,0,"RWKV-6 (causal, 14M)",14m_rwkv6_causal_lucid_chunked_seed42,4,1,1.1785669326782227,0.8108029365539551
1,0,"RWKV-6 (causal, 14M)",14m_rwkv6_causal_lucid_chunked_seed42,4,2,0.8177810907363892,0.23544153571128845
1,0,"RWKV-6 (causal, 14M)",14m_rwkv6_causal_lucid_chunked_seed42,4,3,1.0077682733535767,0.5535863637924194
1,0,"RWKV-6 (causal, 14M)",14m_rwkv6_causal_lucid_chunked_seed42,5,0,1.0054622888565063,0.5499523878097534
1,0,"RWKV-6 (causal, 14M)",14m_rwkv6_causal_lucid_chunked_seed42,5,1,1.0022410154342651,0.5448676943778992
1,0,"RWKV-6 (causal, 14M)",14m_rwkv6_causal_lucid_chunked_seed42,5,2,1.0293337106704712,0.5873422026634216
1,0,"RWKV-6 (causal, 14M)",14m_rwkv6_causal_lucid_chunked_seed42,5,3,1.057098150253296,0.6302112936973572
1,0,"RWKV-6 (causal, 14M)",14m_rwkv6_causal_lucid_chunked_seed42,6,0,0.9131470918655396,0.40022021532058716
1,0,"RWKV-6 (causal, 14M)",14m_rwkv6_causal_lucid_chunked_seed42,6,1,0.9253127574920654,0.42045697569847107
1,0,"RWKV-6 (causal, 14M)",14m_rwkv6_causal_lucid_chunked_seed42,6,2,1.0707367658615112,0.6510369181632996
1,0,"RWKV-6 (causal, 14M)",14m_rwkv6_causal_lucid_chunked_seed42,6,3,1.2591829299926758,0.925267219543457
1,0,"RWKV-6 (causal, 14M)",14m_rwkv6_causal_lucid_chunked_seed42,7,0,1.3805303573608398,1.0909196138381958
1,0,"RWKV-6 (causal, 14M)",14m_rwkv6_causal_lucid_chunked_seed42,7,1,1.051181674003601,0.621130108833313
1,0,"RWKV-6 (causal, 14M)",14m_rwkv6_causal_lucid_chunked_seed42,7,2,0.8785666823387146,0.34177717566490173
1,0,"RWKV-6 (causal, 14M)",14m_rwkv6_causal_lucid_chunked_seed42,7,3,1.038491129875183,0.6015533804893494
1,0,"RWKV-6 (causal, 14M)",14m_rwkv6_causal_lucid_chunked_seed42,8,0,0.9885126948356628,0.5230909585952759
1,0,"RWKV-6 (causal, 14M)",14m_rwkv6_causal_lucid_chunked_seed42,8,1,0.910957396030426,0.39656031131744385
1,0,"RWKV-6 (causal, 14M)",14m_rwkv6_causal_lucid_chunked_seed42,8,2,0.7911778092384338,0.18730343878269196
1,0,"RWKV-6 (causal, 14M)",14m_rwkv6_causal_lucid_chunked_seed42,8,3,1.366302251815796,1.0718662738800049
1,0,"RWKV-6 (causal, 14M)",14m_rwkv6_causal_lucid_chunked_seed42,9,0,1.0568910837173462,0.629893958568573
1,0,"RWKV-6 (causal, 14M)",14m_rwkv6_causal_lucid_chunked_seed42,9,1,1.1112345457077026,0.7120214104652405
1,0,"RWKV-6 (causal, 14M)",14m_rwkv6_causal_lucid_chunked_seed42,9,2,1.0769565105438232,0.6604851484298706
1,0,"RWKV-6 (causal, 14M)",14m_rwkv6_causal_lucid_chunked_seed42,9,3,1.4438289403915405,1.1746121644973755
1,0,"RWKV-6 (causal, 14M)",14m_rwkv6_causal_lucid_chunked_seed42,10,0,1.2883220911026,0.9657267928123474
1,0,"RWKV-6 (causal, 14M)",14m_rwkv6_causal_lucid_chunked_seed42,10,1,1.2732020616531372,0.9447898864746094
1,0,"RWKV-6 (causal, 14M)",14m_rwkv6_causal_lucid_chunked_seed42,10,2,1.461531639099121,1.197721242904663
1,0,"RWKV-6 (causal, 14M)",14m_rwkv6_causal_lucid_chunked_seed42,10,3,1.8187782764434814,1.6417739391326904
1,0,"RWKV-6 (causal, 14M)",14m_rwkv6_causal_lucid_chunked_seed42,11,0,1.1039491891860962,0.701141893863678
1,0,"RWKV-6 (causal, 14M)",14m_rwkv6_causal_lucid_chunked_seed42,11,1,1.2458438873291016,0.9065905213356018
1,0,"RWKV-6 (causal, 14M)",14m_rwkv6_causal_lucid_chunked_seed42,11,2,1.5617412328720093,1.326309323310852
1,0,"RWKV-6 (causal, 14M)",14m_rwkv6_causal_lucid_chunked_seed42,11,3,1.7352674007415771,1.5412540435791016
1,1,"Mamba-2 (causal, 14M)",14m_mamba2_causal_lucid_c_seed42,0,0,1.1885720491409302,0.8252235054969788
1,1,"Mamba-2 (causal, 14M)",14m_mamba2_causal_lucid_c_seed42,0,1,0.9857962727546692,0.5187610387802124
1,1,"Mamba-2 (causal, 14M)",14m_mamba2_causal_lucid_c_seed42,0,2,1.0382517576217651,0.601182758808136
1,1,"Mamba-2 (causal, 14M)",14m_mamba2_causal_lucid_c_seed42,0,3,1.1516008377075195,0.7716129422187805
1,1,"Mamba-2 (causal, 14M)",14m_mamba2_causal_lucid_c_seed42,0,4,1.1922407150268555,0.8304954171180725
1,1,"Mamba-2 (causal, 14M)",14m_mamba2_causal_lucid_c_seed42,0,5,1.1960374116897583,0.8359421491622925
1,1,"Mamba-2 (causal, 14M)",14m_mamba2_causal_lucid_c_seed42,0,6,1.3146302700042725,1.0018715858459473
1,1,"Mamba-2 (causal, 14M)",14m_mamba2_causal_lucid_c_seed42,0,7,1.3461722135543823,1.0447503328323364
1,1,"Mamba-2 (causal, 14M)",14m_mamba2_causal_lucid_c_seed42,1,0,0.633367121219635,-0.12336228787899017
1,1,"Mamba-2 (causal, 14M)",14m_mamba2_causal_lucid_c_seed42,1,1,1.0887278318405151,0.6782835721969604
1,1,"Mamba-2 (causal, 14M)",14m_mamba2_causal_lucid_c_seed42,1,2,1.249186396598816,0.9112798571586609
1,1,"Mamba-2 (causal, 14M)",14m_mamba2_causal_lucid_c_seed42,1,3,0.8279012441635132,0.2534870505332947
1,1,"Mamba-2 (causal, 14M)",14m_mamba2_causal_lucid_c_seed42,1,4,1.1327556371688843,0.7439348101615906
1,1,"Mamba-2 (causal, 14M)",14m_mamba2_causal_lucid_c_seed42,1,5,1.0092252492904663,0.555880069732666
1,1,"Mamba-2 (causal, 14M)",14m_mamba2_causal_lucid_c_seed42,1,6,0.9912412762641907,0.5274332165718079
1,1,"Mamba-2 (causal, 14M)",14m_mamba2_causal_lucid_c_seed42,1,7,0.9754065871238708,0.502135157585144
1,1,"Mamba-2 (causal, 14M)",14m_mamba2_causal_lucid_c_seed42,2,0,1.1242982149124146,0.7314328551292419
1,1,"Mamba-2 (causal, 14M)",14m_mamba2_causal_lucid_c_seed42,2,1,1.2722946405410767,0.943529486656189
1,1,"Mamba-2 (causal, 14M)",14m_mamba2_causal_lucid_c_seed42,2,2,1.1611822843551636,0.785592794418335
1,1,"Mamba-2 (causal, 14M)",14m_mamba2_causal_lucid_c_seed42,2,3,1.1018269062042236,0.697965145111084
1,1,"Mamba-2 (causal, 14M)",14m_mamba2_causal_lucid_c_seed42,2,4,1.1739749908447266,0.8041632175445557
1,1,"Mamba-2 (causal, 14M)",14m_mamba2_causal_lucid_c_seed42,2,5,1.1203513145446777,0.7255810499191284
1,1,"Mamba-2 (causal, 14M)",14m_mamba2_causal_lucid_c_seed42,2,6,1.1745691299438477,0.8050230741500854
1,1,"Mamba-2 (causal, 14M)",14m_mamba2_causal_lucid_c_seed42,2,7,1.0928829908370972,0.684540867805481
1,1,"Mamba-2 (causal, 14M)",14m_mamba2_causal_lucid_c_seed42,3,0,0.7761606574058533,0.15966083109378815
1,1,"Mamba-2 (causal, 14M)",14m_mamba2_causal_lucid_c_seed42,3,1,1.1982074975967407,0.8390514254570007
1,1,"Mamba-2 (causal, 14M)",14m_mamba2_causal_lucid_c_seed42,3,2,1.246239423751831,0.9071457386016846
1,1,"Mamba-2 (causal, 14M)",14m_mamba2_causal_lucid_c_seed42,3,3,1.1919599771499634,0.8300921320915222
1,1,"Mamba-2 (causal, 14M)",14m_mamba2_causal_lucid_c_seed42,3,4,1.253901720046997,0.9178847074508667
1,1,"Mamba-2 (causal, 14M)",14m_mamba2_causal_lucid_c_seed42,3,5,1.1639864444732666,0.7896725535392761
1,1,"Mamba-2 (causal, 14M)",14m_mamba2_causal_lucid_c_seed42,3,6,1.2750184535980225,0.947311520576477
1,1,"Mamba-2 (causal, 14M)",14m_mamba2_causal_lucid_c_seed42,3,7,1.2546180486679077,0.9188868999481201
1,1,"Mamba-2 (causal, 14M)",14m_mamba2_causal_lucid_c_seed42,4,0,1.0079659223556519,0.5538977384567261
1,1,"Mamba-2 (causal, 14M)",14m_mamba2_causal_lucid_c_seed42,4,1,0.8141285181045532,0.22889313101768494
1,1,"Mamba-2 (causal, 14M)",14m_mamba2_causal_lucid_c_seed42,4,2,1.0291911363601685,0.5871202945709229
1,1,"Mamba-2 (causal, 14M)",14m_mamba2_causal_lucid_c_seed42,4,3,0.8249081969261169,0.24816487729549408
1,1,"Mamba-2 (causal, 14M)",14m_mamba2_causal_lucid_c_seed42,4,4,0.96978360414505,0.4930935204029083
1,1,"Mamba-2 (causal, 14M)",14m_mamba2_causal_lucid_c_seed42,4,5,1.260609745979309,0.927259087562561
1,1,"Mamba-2 (causal, 14M)",14m_mamba2_causal_lucid_c_seed42,4,6,0.9498729109764099,0.46082475781440735
1,1,"Mamba-2 (causal, 14M)",14m_mamba2_causal_lucid_c_seed42,4,7,1.0299104452133179,0.5882393717765808
1,1,"Mamba-2 (causal, 14M)",14m_mamba2_causal_lucid_c_seed42,5,0,1.0811182260513306,0.6667900085449219
1,1,"Mamba-2 (causal, 14M)",14m_mamba2_causal_lucid_c_seed42,5,1,0.9746120572090149,0.5008594393730164
1,1,"Mamba-2 (causal, 14M)",14m_mamba2_causal_lucid_c_seed42,5,2,1.069972038269043,0.6498731374740601
1,1,"Mamba-2 (causal, 14M)",14m_mamba2_causal_lucid_c_seed42,5,3,1.0313644409179688,0.5904998779296875
1,1,"Mamba-2 (causal, 14M)",14m_mamba2_causal_lucid_c_seed42,5,4,1.0807284116744995,0.6661999225616455
1,1,"Mamba-2 (causal, 14M)",14m_mamba2_causal_lucid_c_seed42,5,5,1.063568115234375,0.6401093602180481
1,1,"Mamba-2 (causal, 14M)",14m_mamba2_causal_lucid_c_seed42,5,6,1.1380213499069214,0.7516933679580688
1,1,"Mamba-2 (causal, 14M)",14m_mamba2_causal_lucid_c_seed42,5,7,1.0312999486923218,0.5903996825218201
1,1,"Mamba-2 (causal, 14M)",14m_mamba2_causal_lucid_c_seed42,6,0,1.0824098587036133,0.6687440872192383
1,1,"Mamba-2 (causal, 14M)",14m_mamba2_causal_lucid_c_seed42,6,1,1.1304376125335693,0.7405132055282593
1,1,"Mamba-2 (causal, 14M)",14m_mamba2_causal_lucid_c_seed42,6,2,1.06460702419281,0.641695499420166
1,1,"Mamba-2 (causal, 14M)",14m_mamba2_causal_lucid_c_seed42,6,3,1.065991997718811,0.6438087821006775
1,1,"Mamba-2 (causal, 14M)",14m_mamba2_causal_lucid_c_seed42,6,4,1.1046602725982666,0.70220547914505
1,1,"Mamba-2 (causal, 14M)",14m_mamba2_causal_lucid_c_seed42,6,5,1.0011169910430908,0.5430912971496582
1,1,"Mamba-2 (causal, 14M)",14m_mamba2_causal_lucid_c_seed42,6,6,1.1651151180267334,0.7913132309913635
1,1,"Mamba-2 (causal, 14M)",14m_mamba2_causal_lucid_c_seed42,6,7,1.0781574249267578,0.6623058319091797
1,1,"Mamba-2 (causal, 14M)",14m_mamba2_causal_lucid_c_seed42,7,0,1.1801846027374268,0.8131389021873474
1,1,"Mamba-2 (causal, 14M)",14m_mamba2_causal_lucid_c_seed42,7,1,1.037540078163147,0.6000807285308838
1,1,"Mamba-2 (causal, 14M)",14m_mamba2_causal_lucid_c_seed42,7,2,1.0662798881530762,0.6442479491233826
1,1,"Mamba-2 (causal, 14M)",14m_mamba2_causal_lucid_c_seed42,7,3,1.0175400972366333,0.5689331293106079
1,1,"Mamba-2 (causal, 14M)",14m_mamba2_causal_lucid_c_seed42,7,4,1.0232774019241333,0.5779038667678833
1,1,"Mamba-2 (causal, 14M)",14m_mamba2_causal_lucid_c_seed42,7,5,0.9887440800666809,0.5234594345092773
1,1,"Mamba-2 (causal, 14M)",14m_mamba2_causal_lucid_c_seed42,7,6,0.9682334661483765,0.4905955493450165
1,1,"Mamba-2 (causal, 14M)",14m_mamba2_causal_lucid_c_seed42,7,7,1.0846023559570312,0.6720579862594604
1,1,"Mamba-2 (causal, 14M)",14m_mamba2_causal_lucid_c_seed42,8,0,1.2784854173660278,0.952119767665863
1,1,"Mamba-2 (causal, 14M)",14m_mamba2_causal_lucid_c_seed42,8,1,0.9277480244636536,0.4244883358478546
1,1,"Mamba-2 (causal, 14M)",14m_mamba2_causal_lucid_c_seed42,8,2,1.122645616531372,0.7289838790893555
1,1,"Mamba-2 (causal, 14M)",14m_mamba2_causal_lucid_c_seed42,8,3,1.2271056175231934,0.8801832795143127
1,1,"Mamba-2 (causal, 14M)",14m_mamba2_causal_lucid_c_seed42,8,4,1.296294927597046,0.9767183065414429
1,1,"Mamba-2 (causal, 14M)",14m_mamba2_causal_lucid_c_seed42,8,5,1.2112023830413818,0.8576099276542664
1,1,"Mamba-2 (causal, 14M)",14m_mamba2_causal_lucid_c_seed42,8,6,1.1967486143112183,0.8369615077972412
1,1,"Mamba-2 (causal, 14M)",14m_mamba2_causal_lucid_c_seed42,8,7,0.8669154644012451,0.3217643201351166
1,1,"Mamba-2 (causal, 14M)",14m_mamba2_causal_lucid_c_seed42,9,0,1.1226458549499512,0.7289844155311584
1,1,"Mamba-2 (causal, 14M)",14m_mamba2_causal_lucid_c_seed42,9,1,1.1505528688430786,0.7700802087783813
1,1,"Mamba-2 (causal, 14M)",14m_mamba2_causal_lucid_c_seed42,9,2,1.1311123371124268,0.7415094971656799
1,1,"Mamba-2 (causal, 14M)",14m_mamba2_causal_lucid_c_seed42,9,3,1.239728569984436,0.8979946374893188
1,1,"Mamba-2 (causal, 14M)",14m_mamba2_causal_lucid_c_seed42,9,4,1.095692753791809,0.6887646913528442
1,1,"Mamba-2 (causal, 14M)",14m_mamba2_causal_lucid_c_seed42,9,5,0.8380569815635681,0.2714540362358093
1,1,"Mamba-2 (causal, 14M)",14m_mamba2_causal_lucid_c_seed42,9,6,0.964521050453186,0.48460328578948975
1,1,"Mamba-2 (causal, 14M)",14m_mamba2_causal_lucid_c_seed42,9,7,0.8749856948852539,0.33564406633377075
1,1,"Mamba-2 (causal, 14M)",14m_mamba2_causal_lucid_c_seed42,10,0,0.8687604069709778,0.32494455575942993
1,1,"Mamba-2 (causal, 14M)",14m_mamba2_causal_lucid_c_seed42,10,1,1.1530671119689941,0.773756206035614
1,1,"Mamba-2 (causal, 14M)",14m_mamba2_causal_lucid_c_seed42,10,2,0.9313582181930542,0.43045297265052795
1,1,"Mamba-2 (causal, 14M)",14m_mamba2_causal_lucid_c_seed42,10,3,0.8863118290901184,0.35498902201652527
1,1,"Mamba-2 (causal, 14M)",14m_mamba2_causal_lucid_c_seed42,10,4,0.7954859733581543,0.1951698660850525
1,1,"Mamba-2 (causal, 14M)",14m_mamba2_causal_lucid_c_seed42,10,5,1.1377553939819336,0.7513018250465393
1,1,"Mamba-2 (causal, 14M)",14m_mamba2_causal_lucid_c_seed42,10,6,0.9988704919815063,0.5395373702049255
1,1,"Mamba-2 (causal, 14M)",14m_mamba2_causal_lucid_c_seed42,10,7,1.0621565580368042,0.6379526853561401
1,1,"Mamba-2 (causal, 14M)",14m_mamba2_causal_lucid_c_seed42,11,0,1.2270656824111938,0.8801267743110657
1,1,"Mamba-2 (causal, 14M)",14m_mamba2_causal_lucid_c_seed42,11,1,1.4249212741851807,1.1497901678085327
1,1,"Mamba-2 (causal, 14M)",14m_mamba2_causal_lucid_c_seed42,11,2,1.1130074262619019,0.7146629691123962
1,1,"Mamba-2 (causal, 14M)",14m_mamba2_causal_lucid_c_seed42,11,3,1.1942999362945557,0.8334505558013916
1,1,"Mamba-2 (causal, 14M)",14m_mamba2_causal_lucid_c_seed42,11,4,1.4091334342956543,1.1289499998092651
1,1,"Mamba-2 (causal, 14M)",14m_mamba2_causal_lucid_c_seed42,11,5,1.305803656578064,0.989784300327301
1,1,"Mamba-2 (causal, 14M)",14m_mamba2_causal_lucid_c_seed42,11,6,1.1430103778839111,0.759026288986206
1,1,"Mamba-2 (causal, 14M)",14m_mamba2_causal_lucid_c_seed42,11,7,1.302130937576294,0.9847431778907776
1,2,"LA (causal, 14M)",14m_linear_attn_causal_lucid_seed42,0,0,0.9070782661437988,0.39006349444389343
1,2,"LA (causal, 14M)",14m_linear_attn_causal_lucid_seed42,0,1,0.5490581393241882,-0.3124922513961792
1,2,"LA (causal, 14M)",14m_linear_attn_causal_lucid_seed42,0,2,0.7917195558547974,0.1882942169904709
1,2,"LA (causal, 14M)",14m_linear_attn_causal_lucid_seed42,0,3,0.822149932384491,0.2432493418455124
1,2,"LA (causal, 14M)",14m_linear_attn_causal_lucid_seed42,1,0,0.8408377170562744,0.2763492465019226
1,2,"LA (causal, 14M)",14m_linear_attn_causal_lucid_seed42,1,1,0.9375487565994263,0.4406481981277466
1,2,"LA (causal, 14M)",14m_linear_attn_causal_lucid_seed42,1,2,0.7461050152778625,0.10325157642364502
1,2,"LA (causal, 14M)",14m_linear_attn_causal_lucid_seed42,1,3,0.8907190561294556,0.3624749779701233
1,2,"LA (causal, 14M)",14m_linear_attn_causal_lucid_seed42,2,0,0.8094784617424011,0.22052890062332153
1,2,"LA (causal, 14M)",14m_linear_attn_causal_lucid_seed42,2,1,0.9010211229324341,0.3798847198486328
1,2,"LA (causal, 14M)",14m_linear_attn_causal_lucid_seed42,2,2,1.0008535385131836,0.5426748991012573
1,2,"LA (causal, 14M)",14m_linear_attn_causal_lucid_seed42,2,3,1.0089246034622192,0.5554069876670837
1,2,"LA (causal, 14M)",14m_linear_attn_causal_lucid_seed42,3,0,0.7235751748085022,0.0599573478102684
1,2,"LA (causal, 14M)",14m_linear_attn_causal_lucid_seed42,3,1,0.9412286281585693,0.44668933749198914
1,2,"LA (causal, 14M)",14m_linear_attn_causal_lucid_seed42,3,2,0.6477710008621216,-0.09290959686040878
1,2,"LA (causal, 14M)",14m_linear_attn_causal_lucid_seed42,3,3,1.0988142490386963,0.6934500336647034
1,2,"LA (causal, 14M)",14m_linear_attn_causal_lucid_seed42,4,0,1.2596335411071777,0.9258963465690613
1,2,"LA (causal, 14M)",14m_linear_attn_causal_lucid_seed42,4,1,1.3095248937606812,0.9948850274085999
1,2,"LA (causal, 14M)",14m_linear_attn_causal_lucid_seed42,4,2,0.6117663383483887,-0.16997595131397247
1,2,"LA (causal, 14M)",14m_linear_attn_causal_lucid_seed42,4,3,0.7813901305198669,0.1693265438079834
1,2,"LA (causal, 14M)",14m_linear_attn_causal_lucid_seed42,5,0,0.8372260928153992,0.26998934149742126
1,2,"LA (causal, 14M)",14m_linear_attn_causal_lucid_seed42,5,1,1.43310546875,1.1605525016784668
1,2,"LA (causal, 14M)",14m_linear_attn_causal_lucid_seed42,5,2,1.3315330743789673,1.0249099731445312
1,2,"LA (causal, 14M)",14m_linear_attn_causal_lucid_seed42,5,3,0.9247280359268188,0.41948801279067993
1,2,"LA (causal, 14M)",14m_linear_attn_causal_lucid_seed42,6,0,0.756945788860321,0.12376993149518967
1,2,"LA (causal, 14M)",14m_linear_attn_causal_lucid_seed42,6,1,0.8215494751930237,0.242177814245224
1,2,"LA (causal, 14M)",14m_linear_attn_causal_lucid_seed42,6,2,1.0467537641525269,0.6143147945404053
1,2,"LA (causal, 14M)",14m_linear_attn_causal_lucid_seed42,6,3,0.8148947954177856,0.23026858270168304
1,2,"LA (causal, 14M)",14m_linear_attn_causal_lucid_seed42,7,0,0.7093966007232666,0.03223898261785507
1,2,"LA (causal, 14M)",14m_linear_attn_causal_lucid_seed42,7,1,1.796736240386963,1.6154069900512695
1,2,"LA (causal, 14M)",14m_linear_attn_causal_lucid_seed42,7,2,0.6581085324287415,-0.07134974002838135
1,2,"LA (causal, 14M)",14m_linear_attn_causal_lucid_seed42,7,3,0.7350874543190002,0.08219216018915176
1,2,"LA (causal, 14M)",14m_linear_attn_causal_lucid_seed42,8,0,0.9819055199623108,0.5125471353530884
1,2,"LA (causal, 14M)",14m_linear_attn_causal_lucid_seed42,8,1,1.6140122413635254,1.3920090198516846
1,2,"LA (causal, 14M)",14m_linear_attn_causal_lucid_seed42,8,2,0.6547142267227173,-0.07840226590633392
1,2,"LA (causal, 14M)",14m_linear_attn_causal_lucid_seed42,8,3,0.739955484867096,0.09152321517467499
1,2,"LA (causal, 14M)",14m_linear_attn_causal_lucid_seed42,9,0,0.8175324201583862,0.23499631881713867
1,2,"LA (causal, 14M)",14m_linear_attn_causal_lucid_seed42,9,1,0.6161575317382812,-0.16040486097335815
1,2,"LA (causal, 14M)",14m_linear_attn_causal_lucid_seed42,9,2,0.659999430179596,-0.06743201613426208
1,2,"LA (causal, 14M)",14m_linear_attn_causal_lucid_seed42,9,3,0.6849775910377502,-0.01640644483268261
1,2,"LA (causal, 14M)",14m_linear_attn_causal_lucid_seed42,10,0,0.7948878407478333,0.19407933950424194
1,2,"LA (causal, 14M)",14m_linear_attn_causal_lucid_seed42,10,1,0.767508864402771,0.14357443153858185
1,2,"LA (causal, 14M)",14m_linear_attn_causal_lucid_seed42,10,2,0.6209091544151306,-0.15010355412960052
1,2,"LA (causal, 14M)",14m_linear_attn_causal_lucid_seed42,10,3,0.673667848110199,-0.039345744997262955
1,2,"LA (causal, 14M)",14m_linear_attn_causal_lucid_seed42,11,0,0.5884648561477661,-0.22161822021007538
1,2,"LA (causal, 14M)",14m_linear_attn_causal_lucid_seed42,11,1,0.5559678077697754,-0.29621484875679016
1,2,"LA (causal, 14M)",14m_linear_attn_causal_lucid_seed42,11,2,0.6773608326911926,-0.031825874000787735
1,2,"LA (causal, 14M)",14m_linear_attn_causal_lucid_seed42,11,3,0.5892317295074463,-0.2198951095342636
2,0,"RWKV-6 (LION-S, 7M)",7m_rwkv6_lion_lucid_chunked_seed42,0,0,0.8968239426612854,0.37280669808387756
2,0,"RWKV-6 (LION-S, 7M)",7m_rwkv6_lion_lucid_chunked_seed42,0,1,1.1138150691986084,0.7158654928207397
2,0,"RWKV-6 (LION-S, 7M)",7m_rwkv6_lion_lucid_chunked_seed42,0,2,1.0211371183395386,0.5745607614517212
2,0,"RWKV-6 (LION-S, 7M)",7m_rwkv6_lion_lucid_chunked_seed42,0,3,1.0282392501831055,0.5856389403343201
2,0,"RWKV-6 (LION-S, 7M)",7m_rwkv6_lion_lucid_chunked_seed42,1,0,1.101533055305481,0.6975252032279968
2,0,"RWKV-6 (LION-S, 7M)",7m_rwkv6_lion_lucid_chunked_seed42,1,1,1.1942309141159058,0.8333516716957092
2,0,"RWKV-6 (LION-S, 7M)",7m_rwkv6_lion_lucid_chunked_seed42,1,2,1.4164164066314697,1.1385767459869385
2,0,"RWKV-6 (LION-S, 7M)",7m_rwkv6_lion_lucid_chunked_seed42,1,3,1.32817804813385,1.020348310470581
2,0,"RWKV-6 (LION-S, 7M)",7m_rwkv6_lion_lucid_chunked_seed42,2,0,1.0556126832962036,0.627933919429779
2,0,"RWKV-6 (LION-S, 7M)",7m_rwkv6_lion_lucid_chunked_seed42,2,1,0.8190653920173645,0.23773959279060364
2,0,"RWKV-6 (LION-S, 7M)",7m_rwkv6_lion_lucid_chunked_seed42,2,2,1.311078667640686,0.997012734413147
2,0,"RWKV-6 (LION-S, 7M)",7m_rwkv6_lion_lucid_chunked_seed42,2,3,1.564893364906311,1.3302966356277466
2,0,"RWKV-6 (LION-S, 7M)",7m_rwkv6_lion_lucid_chunked_seed42,3,0,1.064138412475586,0.6409801244735718
2,0,"RWKV-6 (LION-S, 7M)",7m_rwkv6_lion_lucid_chunked_seed42,3,1,0.7971909046173096,0.19827525317668915
2,0,"RWKV-6 (LION-S, 7M)",7m_rwkv6_lion_lucid_chunked_seed42,3,2,1.3132383823394775,0.9999680519104004
2,0,"RWKV-6 (LION-S, 7M)",7m_rwkv6_lion_lucid_chunked_seed42,3,3,1.5304203033447266,1.2865066528320312
2,0,"RWKV-6 (LION-S, 7M)",7m_rwkv6_lion_lucid_chunked_seed42,4,0,0.6823189854621887,-0.02177494578063488
2,0,"RWKV-6 (LION-S, 7M)",7m_rwkv6_lion_lucid_chunked_seed42,4,1,0.8292301297187805,0.2558460235595703
2,0,"RWKV-6 (LION-S, 7M)",7m_rwkv6_lion_lucid_chunked_seed42,4,2,1.0996086597442627,0.6946414113044739
2,0,"RWKV-6 (LION-S, 7M)",7m_rwkv6_lion_lucid_chunked_seed42,4,3,1.6926707029342651,1.4892961978912354
2,0,"RWKV-6 (LION-S, 7M)",7m_rwkv6_lion_lucid_chunked_seed42,5,0,0.6839740872383118,-0.01843114197254181
2,0,"RWKV-6 (LION-S, 7M)",7m_rwkv6_lion_lucid_chunked_seed42,5,1,0.594805896282196,-0.20741893351078033
2,0,"RWKV-6 (LION-S, 7M)",7m_rwkv6_lion_lucid_chunked_seed42,5,2,1.5429524183273315,1.3024730682373047
2,0,"RWKV-6 (LION-S, 7M)",7m_rwkv6_lion_lucid_chunked_seed42,5,3,2.026012659072876,1.8846101760864258
2,1,"Mamba-2 (LION-S, 7M)",7m_mamba2_lion_lucid_c_seed42,0,0,1.0227535963058472,0.5770860314369202
2,1,"Mamba-2 (LION-S, 7M)",7m_mamba2_lion_lucid_c_seed42,0,1,1.0392694473266602,0.6027578115463257
2,1,"Mamba-2 (LION-S, 7M)",7m_mamba2_lion_lucid_c_seed42,0,2,1.0871202945709229,0.675859272480011
2,1,"Mamba-2 (LION-S, 7M)",7m_mamba2_lion_lucid_c_seed42,0,3,1.0315712690353394,0.5908212065696716
2,1,"Mamba-2 (LION-S, 7M)",7m_mamba2_lion_lucid_c_seed42,0,4,1.007871389389038,0.5537488460540771
2,1,"Mamba-2 (LION-S, 7M)",7m_mamba2_lion_lucid_c_seed42,0,5,1.047837257385254,0.6159839630126953
2,1,"Mamba-2 (LION-S, 7M)",7m_mamba2_lion_lucid_c_seed42,0,6,0.9492611885070801,0.4598269760608673
2,1,"Mamba-2 (LION-S, 7M)",7m_mamba2_lion_lucid_c_seed42,0,7,1.2247599363327026,0.8768631219863892
2,1,"Mamba-2 (LION-S, 7M)",7m_mamba2_lion_lucid_c_seed42,1,0,1.0524276494979858,0.6230449080467224
2,1,"Mamba-2 (LION-S, 7M)",7m_mamba2_lion_lucid_c_seed42,1,1,0.9531339406967163,0.46613726019859314
2,1,"Mamba-2 (LION-S, 7M)",7m_mamba2_lion_lucid_c_seed42,1,2,0.9777120351791382,0.5058333873748779
2,1,"Mamba-2 (LION-S, 7M)",7m_mamba2_lion_lucid_c_seed42,1,3,1.0504264831542969,0.6199689507484436
2,1,"Mamba-2 (LION-S, 7M)",7m_mamba2_lion_lucid_c_seed42,1,4,1.0042474269866943,0.5480359792709351
2,1,"Mamba-2 (LION-S, 7M)",7m_mamba2_lion_lucid_c_seed42,1,5,1.0033676624298096,0.5466472506523132
2,1,"Mamba-2 (LION-S, 7M)",7m_mamba2_lion_lucid_c_seed42,1,6,1.1270376443862915,0.7354877591133118
2,1,"Mamba-2 (LION-S, 7M)",7m_mamba2_lion_lucid_c_seed42,1,7,1.3763083219528198,1.0852752923965454
2,1,"Mamba-2 (LION-S, 7M)",7m_mamba2_lion_lucid_c_seed42,2,0,1.1546982526779175,0.776138961315155
2,1,"Mamba-2 (LION-S, 7M)",7m_mamba2_lion_lucid_c_seed42,2,1,0.7920798659324646,0.18895278871059418
2,1,"Mamba-2 (LION-S, 7M)",7m_mamba2_lion_lucid_c_seed42,2,2,1.0382144451141357,0.6011249423027039
2,1,"Mamba-2 (LION-S, 7M)",7m_mamba2_lion_lucid_c_seed42,2,3,1.0274778604507446,0.584453284740448
2,1,"Mamba-2 (LION-S, 7M)",7m_mamba2_lion_lucid_c_seed42,2,4,1.2176200151443481,0.8667373657226562
2,1,"Mamba-2 (LION-S, 7M)",7m_mamba2_lion_lucid_c_seed42,2,5,1.1695377826690674,0.7977340221405029
2,1,"Mamba-2 (LION-S, 7M)",7m_mamba2_lion_lucid_c_seed42,2,6,1.1496810913085938,0.7688045501708984
2,1,"Mamba-2 (LION-S, 7M)",7m_mamba2_lion_lucid_c_seed42,2,7,1.1662696599960327,0.7929905652999878
2,1,"Mamba-2 (LION-S, 7M)",7m_mamba2_lion_lucid_c_seed42,3,0,1.1697208881378174,0.7979996204376221
2,1,"Mamba-2 (LION-S, 7M)",7m_mamba2_lion_lucid_c_seed42,3,1,1.130436658859253,0.740511953830719
2,1,"Mamba-2 (LION-S, 7M)",7m_mamba2_lion_lucid_c_seed42,3,2,0.9119775891304016,0.39826613664627075
2,1,"Mamba-2 (LION-S, 7M)",7m_mamba2_lion_lucid_c_seed42,3,3,0.9159324765205383,0.40486788749694824
2,1,"Mamba-2 (LION-S, 7M)",7m_mamba2_lion_lucid_c_seed42,3,4,1.0879377126693726,0.6770922541618347
2,1,"Mamba-2 (LION-S, 7M)",7m_mamba2_lion_lucid_c_seed42,3,5,1.1774368286132812,0.8091701865196228
2,1,"Mamba-2 (LION-S, 7M)",7m_mamba2_lion_lucid_c_seed42,3,6,0.9836282730102539,0.5153003334999084
2,1,"Mamba-2 (LION-S, 7M)",7m_mamba2_lion_lucid_c_seed42,3,7,1.0857864618301392,0.6738462448120117
2,1,"Mamba-2 (LION-S, 7M)",7m_mamba2_lion_lucid_c_seed42,4,0,1.402889370918274,1.1206783056259155
2,1,"Mamba-2 (LION-S, 7M)",7m_mamba2_lion_lucid_c_seed42,4,1,1.0754539966583252,0.6582054495811462
2,1,"Mamba-2 (LION-S, 7M)",7m_mamba2_lion_lucid_c_seed42,4,2,1.168627381324768,0.7964134812355042
2,1,"Mamba-2 (LION-S, 7M)",7m_mamba2_lion_lucid_c_seed42,4,3,1.1376464366912842,0.7511416077613831
2,1,"Mamba-2 (LION-S, 7M)",7m_mamba2_lion_lucid_c_seed42,4,4,1.1726548671722412,0.8022516965866089
2,1,"Mamba-2 (LION-S, 7M)",7m_mamba2_lion_lucid_c_seed42,4,5,0.9341462850570679,0.4350496530532837
2,1,"Mamba-2 (LION-S, 7M)",7m_mamba2_lion_lucid_c_seed42,4,6,1.2533820867538452,0.9171574115753174
2,1,"Mamba-2 (LION-S, 7M)",7m_mamba2_lion_lucid_c_seed42,4,7,1.203192114830017,0.8461823463439941
2,1,"Mamba-2 (LION-S, 7M)",7m_mamba2_lion_lucid_c_seed42,5,0,1.5864598751068115,1.3574883937835693
2,1,"Mamba-2 (LION-S, 7M)",7m_mamba2_lion_lucid_c_seed42,5,1,1.483473300933838,1.2261931896209717
2,1,"Mamba-2 (LION-S, 7M)",7m_mamba2_lion_lucid_c_seed42,5,2,1.4144871234893799,1.13602876663208
2,1,"Mamba-2 (LION-S, 7M)",7m_mamba2_lion_lucid_c_seed42,5,3,0.978606641292572,0.5072671175003052
2,1,"Mamba-2 (LION-S, 7M)",7m_mamba2_lion_lucid_c_seed42,5,4,1.404783010482788,1.1231886148452759
2,1,"Mamba-2 (LION-S, 7M)",7m_mamba2_lion_lucid_c_seed42,5,5,1.352324366569519,1.0530575513839722
2,1,"Mamba-2 (LION-S, 7M)",7m_mamba2_lion_lucid_c_seed42,5,6,1.638908863067627,1.4229992628097534
2,1,"Mamba-2 (LION-S, 7M)",7m_mamba2_lion_lucid_c_seed42,5,7,1.6211320161819458,1.4008907079696655
2,2,"LA (LION-LIT, 7M)",7m_linear_attn_lion_lucid_seed42,0,0,0.9821967482566833,0.5130126476287842
2,2,"LA (LION-LIT, 7M)",7m_linear_attn_lion_lucid_seed42,0,1,0.9243594408035278,0.4188770651817322
2,2,"LA (LION-LIT, 7M)",7m_linear_attn_lion_lucid_seed42,0,2,1.1440235376358032,0.7605133652687073
2,2,"LA (LION-LIT, 7M)",7m_linear_attn_lion_lucid_seed42,0,3,0.9384014010429382,0.44204920530319214
2,2,"LA (LION-LIT, 7M)",7m_linear_attn_lion_lucid_seed42,1,0,1.0140583515167236,0.5634748339653015
2,2,"LA (LION-LIT, 7M)",7m_linear_attn_lion_lucid_seed42,1,1,1.0656969547271729,0.6433588862419128
2,2,"LA (LION-LIT, 7M)",7m_linear_attn_lion_lucid_seed42,1,2,1.133159875869751,0.7445310950279236
2,2,"LA (LION-LIT, 7M)",7m_linear_attn_lion_lucid_seed42,1,3,0.9531874060630798,0.46622440218925476
2,2,"LA (LION-LIT, 7M)",7m_linear_attn_lion_lucid_seed42,2,0,0.9164819121360779,0.4057837128639221
2,2,"LA (LION-LIT, 7M)",7m_linear_attn_lion_lucid_seed42,2,1,1.3547099828720093,1.0562740564346313
2,2,"LA (LION-LIT, 7M)",7m_linear_attn_lion_lucid_seed42,2,2,1.0641987323760986,0.6410723924636841
2,2,"LA (LION-LIT, 7M)",7m_linear_attn_lion_lucid_seed42,2,3,0.9325560331344604,0.4324287474155426
2,2,"LA (LION-LIT, 7M)",7m_linear_attn_lion_lucid_seed42,3,0,1.2404892444610596,0.8990649580955505
2,2,"LA (LION-LIT, 7M)",7m_linear_attn_lion_lucid_seed42,3,1,0.9711641669273376,0.4953162670135498
2,2,"LA (LION-LIT, 7M)",7m_linear_attn_lion_lucid_seed42,3,2,0.945925235748291,0.45437905192375183
2,2,"LA (LION-LIT, 7M)",7m_linear_attn_lion_lucid_seed42,3,3,1.1712260246276855,0.8001818060874939
2,2,"LA (LION-LIT, 7M)",7m_linear_attn_lion_lucid_seed42,4,0,0.9155200123786926,0.40418025851249695
2,2,"LA (LION-LIT, 7M)",7m_linear_attn_lion_lucid_seed42,4,1,0.9389650821685791,0.44297507405281067
2,2,"LA (LION-LIT, 7M)",7m_linear_attn_lion_lucid_seed42,4,2,1.9274553060531616,1.770195484161377
2,2,"LA (LION-LIT, 7M)",7m_linear_attn_lion_lucid_seed42,4,3,1.180131196975708,0.8130618333816528
2,2,"LA (LION-LIT, 7M)",7m_linear_attn_lion_lucid_seed42,5,0,0.9838719964027405,0.5156895518302917
2,2,"LA (LION-LIT, 7M)",7m_linear_attn_lion_lucid_seed42,5,1,0.9567103981971741,0.4719511866569519
2,2,"LA (LION-LIT, 7M)",7m_linear_attn_lion_lucid_seed42,5,2,0.9467461705207825,0.45572078227996826
2,2,"LA (LION-LIT, 7M)",7m_linear_attn_lion_lucid_seed42,5,3,0.9354144334793091,0.43713775277137756
2,3,"LA (LION-S, 7M)",7m_linear_attn_lion_s_lucid_seed42,0,0,1.0607185363769531,0.6357541680335999
2,3,"LA (LION-S, 7M)",7m_linear_attn_lion_s_lucid_seed42,0,1,1.5674408674240112,1.3335164785385132
2,3,"LA (LION-S, 7M)",7m_linear_attn_lion_s_lucid_seed42,0,2,0.9140554070472717,0.4017368257045746
2,3,"LA (LION-S, 7M)",7m_linear_attn_lion_s_lucid_seed42,0,3,0.9698222279548645,0.4931558072566986
2,3,"LA (LION-S, 7M)",7m_linear_attn_lion_s_lucid_seed42,1,0,1.6622679233551025,1.4519070386886597
2,3,"LA (LION-S, 7M)",7m_linear_attn_lion_s_lucid_seed42,1,1,1.0048751831054688,0.5490263104438782
2,3,"LA (LION-S, 7M)",7m_linear_attn_lion_s_lucid_seed42,1,2,1.1233160495758057,0.729977548122406
2,3,"LA (LION-S, 7M)",7m_linear_attn_lion_s_lucid_seed42,1,3,0.925028383731842,0.4199857711791992
2,3,"LA (LION-S, 7M)",7m_linear_attn_lion_s_lucid_seed42,2,0,1.307824969291687,0.9925557971000671
2,3,"LA (LION-S, 7M)",7m_linear_attn_lion_s_lucid_seed42,2,1,1.9891782999038696,1.8420604467391968
2,3,"LA (LION-S, 7M)",7m_linear_attn_lion_s_lucid_seed42,2,2,1.0134087800979614,0.5624553561210632
2,3,"LA (LION-S, 7M)",7m_linear_attn_lion_s_lucid_seed42,2,3,1.4102113246917725,1.1303762197494507
2,3,"LA (LION-S, 7M)",7m_linear_attn_lion_s_lucid_seed42,3,0,1.1211665868759155,0.7267906069755554
2,3,"LA (LION-S, 7M)",7m_linear_attn_lion_s_lucid_seed42,3,1,0.9689247012138367,0.49170976877212524
2,3,"LA (LION-S, 7M)",7m_linear_attn_lion_s_lucid_seed42,3,2,0.9676244854927063,0.4896135628223419
2,3,"LA (LION-S, 7M)",7m_linear_attn_lion_s_lucid_seed42,3,3,1.6835063695907593,1.4780534505844116
2,3,"LA (LION-S, 7M)",7m_linear_attn_lion_s_lucid_seed42,4,0,1.3576611280441284,1.0602495670318604
2,3,"LA (LION-S, 7M)",7m_linear_attn_lion_s_lucid_seed42,4,1,1.3557037115097046,1.0576131343841553
2,3,"LA (LION-S, 7M)",7m_linear_attn_lion_s_lucid_seed42,4,2,1.334473967552185,1.0289039611816406
2,3,"LA (LION-S, 7M)",7m_linear_attn_lion_s_lucid_seed42,4,3,1.5483564138412476,1.3093411922454834
2,3,"LA (LION-S, 7M)",7m_linear_attn_lion_s_lucid_seed42,5,0,1.848397970199585,1.6770291328430176
2,3,"LA (LION-S, 7M)",7m_linear_attn_lion_s_lucid_seed42,5,1,1.5585074424743652,1.3222153186798096
2,3,"LA (LION-S, 7M)",7m_linear_attn_lion_s_lucid_seed42,5,2,1.795175552368164,1.6135358810424805
2,3,"LA (LION-S, 7M)",7m_linear_attn_lion_s_lucid_seed42,5,3,1.618079662322998,1.3970849514007568
3,0,"RWKV-6 (causal, 7M)",cv_pilot_rwkv6_lucid_chunked_seed42,0,0,0.8336696028709412,0.26370927691459656
3,0,"RWKV-6 (causal, 7M)",cv_pilot_rwkv6_lucid_chunked_seed42,0,1,1.2361178398132324,0.8929091691970825
3,0,"RWKV-6 (causal, 7M)",cv_pilot_rwkv6_lucid_chunked_seed42,0,2,0.9940012693405151,0.5318183898925781
3,0,"RWKV-6 (causal, 7M)",cv_pilot_rwkv6_lucid_chunked_seed42,0,3,0.9235092997550964,0.41746729612350464
3,0,"RWKV-6 (causal, 7M)",cv_pilot_rwkv6_lucid_chunked_seed42,1,0,1.7242552042007446,1.5278681516647339
3,0,"RWKV-6 (causal, 7M)",cv_pilot_rwkv6_lucid_chunked_seed42,1,1,1.3562774658203125,1.058386206626892
3,0,"RWKV-6 (causal, 7M)",cv_pilot_rwkv6_lucid_chunked_seed42,1,2,0.9263447523117065,0.4221661388874054
3,0,"RWKV-6 (causal, 7M)",cv_pilot_rwkv6_lucid_chunked_seed42,1,3,1.1085586547851562,0.7080298066139221
3,0,"RWKV-6 (causal, 7M)",cv_pilot_rwkv6_lucid_chunked_seed42,2,0,0.8195757269859314,0.23865200579166412
3,0,"RWKV-6 (causal, 7M)",cv_pilot_rwkv6_lucid_chunked_seed42,2,1,1.275360345840454,0.9477860331535339
3,0,"RWKV-6 (causal, 7M)",cv_pilot_rwkv6_lucid_chunked_seed42,2,2,0.9498289823532104,0.4607532024383545
3,0,"RWKV-6 (causal, 7M)",cv_pilot_rwkv6_lucid_chunked_seed42,2,3,1.2913357019424438,0.9698852896690369
3,0,"RWKV-6 (causal, 7M)",cv_pilot_rwkv6_lucid_chunked_seed42,3,0,1.0643497705459595,0.6413028240203857
3,0,"RWKV-6 (causal, 7M)",cv_pilot_rwkv6_lucid_chunked_seed42,3,1,0.9579727053642273,0.47400015592575073
3,0,"RWKV-6 (causal, 7M)",cv_pilot_rwkv6_lucid_chunked_seed42,3,2,1.3123289346694946,0.9987239837646484
3,0,"RWKV-6 (causal, 7M)",cv_pilot_rwkv6_lucid_chunked_seed42,3,3,1.3978087902069092,1.1139355897903442
3,0,"RWKV-6 (causal, 7M)",cv_pilot_rwkv6_lucid_chunked_seed42,4,0,0.8809650540351868,0.3458760678768158
3,0,"RWKV-6 (causal, 7M)",cv_pilot_rwkv6_lucid_chunked_seed42,4,1,1.1623378992080688,0.7872746586799622
3,0,"RWKV-6 (causal, 7M)",cv_pilot_rwkv6_lucid_chunked_seed42,4,2,1.3659073114395142,1.071336269378662
3,0,"RWKV-6 (causal, 7M)",cv_pilot_rwkv6_lucid_chunked_seed42,4,3,1.3726253509521484,1.0803451538085938
3,0,"RWKV-6 (causal, 7M)",cv_pilot_rwkv6_lucid_chunked_seed42,5,0,0.8715211153030396,0.32969531416893005
3,0,"RWKV-6 (causal, 7M)",cv_pilot_rwkv6_lucid_chunked_seed42,5,1,0.7679222226142883,0.14434568583965302
3,0,"RWKV-6 (causal, 7M)",cv_pilot_rwkv6_lucid_chunked_seed42,5,2,1.4827735424041748,1.225287914276123
3,0,"RWKV-6 (causal, 7M)",cv_pilot_rwkv6_lucid_chunked_seed42,5,3,1.7243423461914062,1.527974247932434
3,1,"Mamba-2 (causal, 7M)",cv_pilot_mamba2_lucid_c_seed42,0,0,1.1038129329681396,0.7009379267692566
3,1,"Mamba-2 (causal, 7M)",cv_pilot_mamba2_lucid_c_seed42,0,1,0.5836568474769592,-0.23245969414710999
3,1,"Mamba-2 (causal, 7M)",cv_pilot_mamba2_lucid_c_seed42,0,2,1.0233629941940308,0.5780375599861145
3,1,"Mamba-2 (causal, 7M)",cv_pilot_mamba2_lucid_c_seed42,0,3,1.2678924798965454,0.937408447265625
3,1,"Mamba-2 (causal, 7M)",cv_pilot_mamba2_lucid_c_seed42,0,4,1.1361231803894043,0.7488986253738403
3,1,"Mamba-2 (causal, 7M)",cv_pilot_mamba2_lucid_c_seed42,0,5,1.229461669921875,0.8835147023200989
3,1,"Mamba-2 (causal, 7M)",cv_pilot_mamba2_lucid_c_seed42,0,6,1.4463423490524292,1.177900791168213
3,1,"Mamba-2 (causal, 7M)",cv_pilot_mamba2_lucid_c_seed42,0,7,1.1311876773834229,0.7416208386421204
3,1,"Mamba-2 (causal, 7M)",cv_pilot_mamba2_lucid_c_seed42,1,0,0.9520925879478455,0.46444204449653625
3,1,"Mamba-2 (causal, 7M)",cv_pilot_mamba2_lucid_c_seed42,1,1,0.8056734204292297,0.21366135776042938
3,1,"Mamba-2 (causal, 7M)",cv_pilot_mamba2_lucid_c_seed42,1,2,0.8158577084541321,0.23199565708637238
3,1,"Mamba-2 (causal, 7M)",cv_pilot_mamba2_lucid_c_seed42,1,3,1.1909717321395874,0.8286728262901306
3,1,"Mamba-2 (causal, 7M)",cv_pilot_mamba2_lucid_c_seed42,1,4,0.8079196810722351,0.21771804988384247
3,1,"Mamba-2 (causal, 7M)",cv_pilot_mamba2_lucid_c_seed42,1,5,1.0471607446670532,0.6149418354034424
3,1,"Mamba-2 (causal, 7M)",cv_pilot_mamba2_lucid_c_seed42,1,6,1.1477057933807373,0.7659122347831726
3,1,"Mamba-2 (causal, 7M)",cv_pilot_mamba2_lucid_c_seed42,1,7,0.8841279149055481,0.35127100348472595
3,1,"Mamba-2 (causal, 7M)",cv_pilot_mamba2_lucid_c_seed42,2,0,1.1227582693099976,0.7291510701179504
3,1,"Mamba-2 (causal, 7M)",cv_pilot_mamba2_lucid_c_seed42,2,1,1.2264461517333984,0.8792502284049988
3,1,"Mamba-2 (causal, 7M)",cv_pilot_mamba2_lucid_c_seed42,2,2,1.3471838235855103,1.0461174249649048
3,1,"Mamba-2 (causal, 7M)",cv_pilot_mamba2_lucid_c_seed42,2,3,1.2671204805374146,0.9363340735435486
3,1,"Mamba-2 (causal, 7M)",cv_pilot_mamba2_lucid_c_seed42,2,4,1.127547025680542,0.7362411618232727
3,1,"Mamba-2 (causal, 7M)",cv_pilot_mamba2_lucid_c_seed42,2,5,1.3112198114395142,0.997205913066864
3,1,"Mamba-2 (causal, 7M)",cv_pilot_mamba2_lucid_c_seed42,2,6,0.9790692329406738,0.5080081224441528
3,1,"Mamba-2 (causal, 7M)",cv_pilot_mamba2_lucid_c_seed42,2,7,1.2576990127563477,0.9231944680213928
3,1,"Mamba-2 (causal, 7M)",cv_pilot_mamba2_lucid_c_seed42,3,0,0.7644025683403015,0.13776949048042297
3,1,"Mamba-2 (causal, 7M)",cv_pilot_mamba2_lucid_c_seed42,3,1,0.9519217014312744,0.46416372060775757
3,1,"Mamba-2 (causal, 7M)",cv_pilot_mamba2_lucid_c_seed42,3,2,1.5041295289993286,1.2528300285339355
3,1,"Mamba-2 (causal, 7M)",cv_pilot_mamba2_lucid_c_seed42,3,3,1.442447543144226,1.1728036403656006
3,1,"Mamba-2 (causal, 7M)",cv_pilot_mamba2_lucid_c_seed42,3,4,1.3184773921966553,1.0071276426315308
3,1,"Mamba-2 (causal, 7M)",cv_pilot_mamba2_lucid_c_seed42,3,5,0.8425843715667725,0.27941882610321045
3,1,"Mamba-2 (causal, 7M)",cv_pilot_mamba2_lucid_c_seed42,3,6,1.5388376712799072,1.2972368001937866
3,1,"Mamba-2 (causal, 7M)",cv_pilot_mamba2_lucid_c_seed42,3,7,1.3778340816497803,1.0873159170150757
3,1,"Mamba-2 (causal, 7M)",cv_pilot_mamba2_lucid_c_seed42,4,0,1.222017765045166,0.8729779124259949
3,1,"Mamba-2 (causal, 7M)",cv_pilot_mamba2_lucid_c_seed42,4,1,1.4259355068206787,1.1511255502700806
3,1,"Mamba-2 (causal, 7M)",cv_pilot_mamba2_lucid_c_seed42,4,2,0.9707372188568115,0.4946291148662567
3,1,"Mamba-2 (causal, 7M)",cv_pilot_mamba2_lucid_c_seed42,4,3,0.7717587351799011,0.1514911651611328
3,1,"Mamba-2 (causal, 7M)",cv_pilot_mamba2_lucid_c_seed42,4,4,1.3805772066116333,1.0909820795059204
3,1,"Mamba-2 (causal, 7M)",cv_pilot_mamba2_lucid_c_seed42,4,5,1.0541797876358032,0.6257354617118835
3,1,"Mamba-2 (causal, 7M)",cv_pilot_mamba2_lucid_c_seed42,4,6,0.8781387805938721,0.3410451412200928
3,1,"Mamba-2 (causal, 7M)",cv_pilot_mamba2_lucid_c_seed42,4,7,1.2685807943344116,0.9383662939071655
3,1,"Mamba-2 (causal, 7M)",cv_pilot_mamba2_lucid_c_seed42,5,0,1.1034678220748901,0.7004216909408569
3,1,"Mamba-2 (causal, 7M)",cv_pilot_mamba2_lucid_c_seed42,5,1,1.1447296142578125,0.7615493535995483
3,1,"Mamba-2 (causal, 7M)",cv_pilot_mamba2_lucid_c_seed42,5,2,1.1663230657577515,0.7930681109428406
3,1,"Mamba-2 (causal, 7M)",cv_pilot_mamba2_lucid_c_seed42,5,3,1.124738335609436,0.7320846319198608
3,1,"Mamba-2 (causal, 7M)",cv_pilot_mamba2_lucid_c_seed42,5,4,0.9314379692077637,0.43058452010154724
3,1,"Mamba-2 (causal, 7M)",cv_pilot_mamba2_lucid_c_seed42,5,5,0.8539454340934753,0.29928648471832275
3,1,"Mamba-2 (causal, 7M)",cv_pilot_mamba2_lucid_c_seed42,5,6,0.942893922328949,0.4494185745716095
3,1,"Mamba-2 (causal, 7M)",cv_pilot_mamba2_lucid_c_seed42,5,7,1.0349959135055542,0.5961376428604126
3,2,"LA (causal, 7M)",cv_pilot_linear_attn_lucid_seed42,0,0,0.8226441740989685,0.24413087964057922
3,2,"LA (causal, 7M)",cv_pilot_linear_attn_lucid_seed42,0,1,0.9835370779037476,0.5151546001434326
3,2,"LA (causal, 7M)",cv_pilot_linear_attn_lucid_seed42,0,2,0.5789179801940918,-0.2432098239660263
3,2,"LA (causal, 7M)",cv_pilot_linear_attn_lucid_seed42,0,3,0.9364124536514282,0.4387798309326172
3,2,"LA (causal, 7M)",cv_pilot_linear_attn_lucid_seed42,1,0,1.0486910343170166,0.6172986030578613
3,2,"LA (causal, 7M)",cv_pilot_linear_attn_lucid_seed42,1,1,0.7777878642082214,0.16267293691635132
3,2,"LA (causal, 7M)",cv_pilot_linear_attn_lucid_seed42,1,2,1.0396581888198853,0.6033593416213989
3,2,"LA (causal, 7M)",cv_pilot_linear_attn_lucid_seed42,1,3,0.7538691163063049,0.11796685308218002
3,2,"LA (causal, 7M)",cv_pilot_linear_attn_lucid_seed42,2,0,0.5926540493965149,-0.2122250348329544
3,2,"LA (causal, 7M)",cv_pilot_linear_attn_lucid_seed42,2,1,0.8413641452789307,0.2772749066352844
3,2,"LA (causal, 7M)",cv_pilot_linear_attn_lucid_seed42,2,2,0.6239416003227234,-0.14355894923210144
3,2,"LA (causal, 7M)",cv_pilot_linear_attn_lucid_seed42,2,3,1.4726660251617432,1.2121926546096802
3,2,"LA (causal, 7M)",cv_pilot_linear_attn_lucid_seed42,3,0,0.8201311230659485,0.23964475095272064
3,2,"LA (causal, 7M)",cv_pilot_linear_attn_lucid_seed42,3,1,0.6368216872215271,-0.11601395159959793
3,2,"LA (causal, 7M)",cv_pilot_linear_attn_lucid_seed42,3,2,0.8211185932159424,0.24140851199626923
3,2,"LA (causal, 7M)",cv_pilot_linear_attn_lucid_seed42,3,3,0.7038372159004211,0.021267034113407135
3,2,"LA (causal, 7M)",cv_pilot_linear_attn_lucid_seed42,4,0,0.71794193983078,0.04898962005972862
3,2,"LA (causal, 7M)",cv_pilot_linear_attn_lucid_seed42,4,1,0.8074569702148438,0.21688291430473328
3,2,"LA (causal, 7M)",cv_pilot_linear_attn_lucid_seed42,4,2,0.6888843178749084,-0.00854396726936102
3,2,"LA (causal, 7M)",cv_pilot_linear_attn_lucid_seed42,4,3,0.7055912017822266,0.024734994396567345
3,2,"LA (causal, 7M)",cv_pilot_linear_attn_lucid_seed42,5,0,0.6651912927627563,-0.056715913116931915
3,2,"LA (causal, 7M)",cv_pilot_linear_attn_lucid_seed42,5,1,0.8177129030227661,0.23531945049762726
3,2,"LA (causal, 7M)",cv_pilot_linear_attn_lucid_seed42,5,2,0.670501708984375,-0.04581562429666519
3,2,"LA (causal, 7M)",cv_pilot_linear_attn_lucid_seed42,5,3,0.7122812271118164,0.03790886327624321
